id;parent_type;parent_id;user_id;content;created_at
8e5ca1c6-c38d-4933-9f0a-e1b44315cc73;violently why;a8668c5d-0213-4779-8461-c5d1698060f2;09c56812-8af6-448c-9c81-dc2e92c1ad70;../fake-data/blob/hipster.txt;2025-04-21T16:21:25
5ea8de92-2d03-4c3e-a9c6-063634bdb79c;wing;08354fe9-dfab-4a03-adc0-6cd513987b34;2cac89f0-8941-40a2-919f-f927eb5b8507;../fake-data/blob/hipster.txt;2025-04-21T19:59:49
f75c2744-d5a4-4342-99aa-a34cfc7edb76;ack;eaebe16e-7581-4058-b803-981078870585;912c8a1e-5537-4b99-a5ac-4a5614c65ae0;../fake-data/blob/hipster.txt;2025-04-22T03:36:40
0194d5bf-6b0b-4a84-b771-c638958607fb;pendant;ebb93e1a-2351-4f42-a073-4f35b4fdada2;2b7f197d-34c0-48d7-bbaf-38539389ef45;../fake-data/blob/hipster.txt;2025-04-21T18:23:54
e541b5b7-a30b-4145-b1c3-0b7707b3a275;yuck instead;018daf6b-59bc-452a-8793-82e42ec0a009;d6824294-5eaa-4e98-9cf0-64ef66bb02a0;../fake-data/blob/hipster.txt;2025-04-21T22:40:16
fdd8b453-0a8d-4f8a-ba01-eb28cbf59101;scented soggy orchid;99d1409a-0257-4506-b290-40edb0adb3b3;94375031-8583-4e22-9f5f-f1fd29dc294e;../fake-data/blob/hipster.txt;2025-04-21T17:06:37
8cec09a2-6616-4e8d-888f-3fa18e07f8d1;essay;cbf8ec17-d9b6-46bd-85e1-5afe5f9de6e5;4bb46638-ad3f-4857-ae2b-0d1eb82c09a9;../fake-data/blob/hipster.txt;2025-04-21T23:26:06
8861b002-6d76-44ec-bf6e-7ab5a28a1865;quirkily exonerate;ca5183e1-0ee4-4c79-a1b5-41cfc064a8c6;53969f91-4d7d-4bb8-8e05-e216e95276fc;../fake-data/blob/hipster.txt;2025-04-21T17:46:23
2a2e5ad1-6421-45bf-8ce6-e2140a37b534;obvious gigantic absent;2a39fd2b-2d4e-4457-a4b2-51bb4be95cb6;e439e069-36e4-4df3-97e1-b47c57903043;../fake-data/blob/hipster.txt;2025-04-21T10:57:54
56265cb6-a5ee-49f4-8e60-fc571b0cda00;bitter aside;04e3bf11-5053-4451-b5b0-a9f768a3f607;928a8455-db02-4b2a-bdbc-be909022c2ca;../fake-data/blob/hipster.txt;2025-04-21T09:24:25
